graph_name,time,mcts_time,mdfvs_size
4673_e_093,222.220717,0,42
5738_e_099,106.8255181,0,39
5909_e_101,118.4491389,0,37
1661_e_053,144.7717118,0,35
1665_e_053,113.8433995,0,39
3586_e_081,145.7407053,0,44
371_e_019,95.89136553,0,44
4913_e_093,91.7775197,0,40
5938_e_101,92.61356711,0,39
4985_e_097,83.1311965,0,44
6126_e_101,62.53379297,0,40
3688_e_081,65.94882751,0,44
3418_e_079,53.11576867,0,35
1419_e_049,48.03686452,0,39
3247_e_077,58.13286781,0,42
3429_e_079,51.70449543,0,34
4861_e_093,81.37711978,0,40
3753_e_081,92.41802144,0,46
5807_e_099,53.69213533,0,35
5927_e_101,46.68422771,0,34
5128_e_097,93.27388811,0,36
5965_e_101,87.2818718,0,45
3488_e_079,27.79329681,0,42
4720_e_093,52.68221307,0,33
4676_e_093,61.77655005,0,32
3647_e_081,78.82906342,0,40
3403_e_079,50.93492842,0,53
5895_e_101,46.09136486,0,40
4768_e_093,44.37015676,0,37
5571_e_099,52.29461312,0,41
4987_e_097,36.54752374,0,38
5599_e_099,36.35813379,0,33
5517_e_099,33.43603015,0,34
1979_e_057,32.44544363,0,69
4581_e_093,41.91512966,0,36
1410_e_049,36.32638407,0,35
6229_e_101,25.64452624,0,38
2719_e_069,34.51830888,0,40
2190_e_063,24.59019685,0,50
4597_e_093,27.74541903,0,41
5050_e_097,30.79560184,0,29
2621_e_069,20.08213758,0,48
4892_e_093,28.64576173,0,40
1611_e_053,25.57524419,0,34
3174_e_077,23.38379645,0,37
3251_e_077,21.86301804,0,38
5401_e_099,25.95985603,0,30
5450_e_099,24.4996469,0,47
3000_e_073,22.46717858,0,27
3784_e_081,30.9623251,0,39
4995_e_097,23.13182855,0,42
3757_e_081,23.05342293,0,46
6015_e_101,22.90800929,0,32
4806_e_093,18.22714424,0,32
3758_e_081,20.62826014,0,28
3161_e_077,20.31847668,0,32
5040_e_097,18.84339905,0,41
4868_e_093,31.14924169,0,37
5992_e_101,19.13179898,0,32
6112_e_101,16.81230426,0,35
1627_e_053,17.80088472,0,30
3232_e_077,13.97535682,0,36
2689_e_069,20.27370715,0,37
3073_e_073,19.57857919,0,28
3449_e_079,20.41244102,0,45
1644_e_053,18.98192525,0,31
5230_e_097,18.00403619,0,35
5746_e_099,29.20674396,0,42
6199_e_101,16.71585584,0,32
2240_e_063,16.70189786,0,36
6234_e_101,17.17658281,0,34
5249_e_097,22.64584589,0,36
3272_e_077,16.87492609,0,31
5943_e_101,17.44764781,0,28
4966_e_097,14.05056334,0,37
4949_e_097,16.63158226,0,32
4673_e_093,126.4382343,1,42
5738_e_099,64.75794291,1,39
5909_e_101,60.26072621,1,37
1661_e_053,102.0950756,1,35
1665_e_053,91.66830826,1,39
3586_e_081,49.82578325,1,44
371_e_019,57.31755161,1,44
4913_e_093,44.77370214,1,40
5938_e_101,75.04273081,1,39
4985_e_097,65.05524445,1,44
6126_e_101,42.35937142,1,40
3688_e_081,37.29255009,1,44
3418_e_079,64.13273382,1,35
1419_e_049,33.81313348,1,39
3247_e_077,38.54075646,1,42
3429_e_079,52.44160271,1,34
4861_e_093,40.5544405,1,40
3753_e_081,43.74157238,1,46
5807_e_099,27.82854438,1,35
5927_e_101,16.30640078,1,34
5128_e_097,55.39095044,1,36
5965_e_101,33.07397294,1,45
3488_e_079,23.76245213,1,42
4720_e_093,33.69043565,1,33
4676_e_093,41.04093051,1,32
3647_e_081,36.59505677,1,40
3403_e_079,21.24816322,1,53
5895_e_101,31.99146461,1,40
4768_e_093,34.04114246,1,37
5571_e_099,32.79237509,1,41
4987_e_097,20.75965357,1,38
5599_e_099,27.91811991,1,33
5517_e_099,20.74215484,1,34
1979_e_057,31.14874983,1,69
4581_e_093,18.34489346,1,36
1410_e_049,18.10935807,1,35
6229_e_101,14.76650953,1,38
2719_e_069,19.81322217,1,40
2190_e_063,9.189929247,1,50
4597_e_093,13.91269493,1,41
5050_e_097,31.21530628,1,29
2621_e_069,9.636199951,1,48
4892_e_093,8.815634489,1,40
1611_e_053,12.18363023,1,34
3174_e_077,18.80203605,1,37
3251_e_077,10.65164685,1,38
5401_e_099,21.80523109,1,30
5450_e_099,6.255256176,1,47
3000_e_073,15.4759028,1,27
3784_e_081,7.011876106,1,39
4995_e_097,8.846354008,1,42
3757_e_081,11.25660586,1,46
6015_e_101,22.46907592,1,32
4806_e_093,18.28796601,1,32
3758_e_081,19.64442682,1,28
3161_e_077,15.8472898,1,32
5040_e_097,12.29876947,1,41
4868_e_093,14.65468097,1,37
5992_e_101,10.00092506,1,32
6112_e_101,16.45035458,1,35
1627_e_053,13.7833159,1,30
3232_e_077,8.364041567,1,36
2689_e_069,11.90660262,1,37
3073_e_073,18.6576159,1,28
3449_e_079,11.1591146,1,45
1644_e_053,11.88610053,1,31
5230_e_097,14.58696151,1,35
5746_e_099,21.36906171,1,42
6199_e_101,7.196691751,1,32
2240_e_063,18.63415813,1,36
6234_e_101,12.4051168,1,34
5249_e_097,16.10138249,1,36
3272_e_077,9.042115211,1,31
5943_e_101,18.34512615,1,28
4966_e_097,10.42303586,1,37
4949_e_097,9.953635693,1,32
4673_e_093,107.3275673,2,42
5738_e_099,26.52960205,2,39
5909_e_101,77.79407907,2,37
1661_e_053,69.89440346,2,35
1665_e_053,87.78525257,2,39
3586_e_081,32.24402666,2,44
371_e_019,63.54895878,2,44
4913_e_093,35.23487616,2,40
5938_e_101,81.36064243,2,39
4985_e_097,46.35050726,2,44
6126_e_101,55.2851429,2,40
3688_e_081,24.90542579,2,44
3418_e_079,58.50397778,2,35
1419_e_049,54.28850317,2,39
3247_e_077,21.41773105,2,42
3429_e_079,46.55737829,2,34
4861_e_093,37.25743318,2,40
3753_e_081,37.23637247,2,46
5807_e_099,25.90122724,2,35
5927_e_101,17.16459179,2,34
5128_e_097,58.31280899,2,36
5965_e_101,34.88933396,2,45
3488_e_079,25.83307195,2,42
4720_e_093,21.81927752,2,33
4676_e_093,33.60228801,2,32
3647_e_081,37.24560905,2,40
3403_e_079,18.80497956,2,53
5895_e_101,22.5996778,2,40
4768_e_093,40.69721246,2,37
5571_e_099,25.43449473,2,41
4987_e_097,33.06030226,2,38
5599_e_099,25.19570422,2,33
5517_e_099,17.5846622,2,34
1979_e_057,27.00996971,2,69
4581_e_093,15.85769224,2,36
1410_e_049,21.62067962,2,35
6229_e_101,11.0557251,2,38
2719_e_069,19.7177,2,40
2190_e_063,15.65019059,2,50
4597_e_093,14.23518229,2,41
5050_e_097,27.14469123,2,29
2621_e_069,8.715762854,2,48
4892_e_093,7.031140804,2,40
1611_e_053,15.30702901,2,34
3174_e_077,21.76203656,2,37
3251_e_077,9.337958336,2,38
5401_e_099,19.32839632,2,30
5450_e_099,7.269374847,2,47
3000_e_073,12.36586928,2,27
3784_e_081,6.64955163,2,39
4995_e_097,9.676663637,2,42
3757_e_081,10.99528527,2,46
6015_e_101,18.91394162,2,32
4806_e_093,22.50915837,2,32
3758_e_081,23.86424065,2,28
3161_e_077,19.42029214,2,32
5040_e_097,11.66008782,2,41
4868_e_093,13.52206683,2,37
5992_e_101,10.86090922,2,32
6112_e_101,16.48914218,2,35
1627_e_053,15.93172884,2,30
3232_e_077,8.220933199,2,36
2689_e_069,12.20572257,2,37
3073_e_073,19.72936416,2,28
3449_e_079,10.87253404,2,45
1644_e_053,14.61251593,2,31
5230_e_097,14.41270828,2,35
5746_e_099,16.97528124,2,42
6199_e_101,7.197945595,2,32
2240_e_063,13.46978736,2,36
6234_e_101,11.42010546,2,34
5249_e_097,18.26057005,2,36
3272_e_077,8.626839876,2,31
5943_e_101,18.93010163,2,28
4966_e_097,8.162224293,2,37
4949_e_097,11.02511692,2,32
4673_e_093,134.158814,5,42
5738_e_099,47.77331758,5,39
5909_e_101,65.59496307,5,37
1661_e_053,86.31900787,5,35
1665_e_053,58.92784691,5,39
3586_e_081,35.91945481,5,44
371_e_019,61.50814223,5,44
4913_e_093,43.51075935,5,40
5938_e_101,79.98548532,5,39
4985_e_097,51.19996095,5,44
6126_e_101,46.68780112,5,40
3688_e_081,39.01262569,5,44
3418_e_079,57.39432764,5,35
1419_e_049,38.53574848,5,39
3247_e_077,17.33173013,5,42
3429_e_079,52.01963878,5,34
4861_e_093,37.56486988,5,40
3753_e_081,45.38791156,5,46
5807_e_099,35.81600976,5,35
5927_e_101,21.53702593,5,34
5128_e_097,62.66140485,5,36
5965_e_101,39.60293055,5,45
3488_e_079,33.59052515,5,42
4720_e_093,31.19233704,5,33
4676_e_093,50.09700346,5,32
3647_e_081,36.64878249,5,40
3403_e_079,22.89538646,5,53
5895_e_101,34.128901,5,40
4768_e_093,40.79475665,5,37
5571_e_099,50.36585999,5,41
4987_e_097,29.60151768,5,38
5599_e_099,38.69421244,5,33
5517_e_099,24.22335815,5,34
1979_e_057,36.32256627,5,69
4581_e_093,22.21244049,5,36
1410_e_049,25.26871467,5,35
6229_e_101,18.60952449,5,38
2719_e_069,21.77739501,5,40
2190_e_063,14.58524036,5,50
4597_e_093,20.51248431,5,41
5050_e_097,43.10205913,5,29
2621_e_069,13.14586496,5,48
4892_e_093,13.645751,5,40
1611_e_053,15.21851015,5,34
3174_e_077,26.9929328,5,37
3251_e_077,14.50690866,5,38
5401_e_099,31.34793615,5,30
5450_e_099,11.32937145,5,47
3000_e_073,22.41358781,5,27
3784_e_081,10.81155801,5,39
4995_e_097,15.19762754,5,42
3757_e_081,18.50748324,5,46
6015_e_101,28.48947239,5,32
4806_e_093,28.3642025,5,32
3758_e_081,29.24890089,5,28
3161_e_077,26.51561928,5,32
5040_e_097,21.18504143,5,41
4868_e_093,21.21115184,5,37
5992_e_101,16.33032084,5,32
6112_e_101,23.37233233,5,35
1627_e_053,21.62370753,5,30
3232_e_077,13.73671842,5,36
2689_e_069,14.82643867,5,37
3073_e_073,29.70220089,5,28
3449_e_079,12.20042014,5,45
1644_e_053,19.3965559,5,31
5230_e_097,20.89472961,5,35
5746_e_099,23.66819763,5,42
6199_e_101,12.23276877,5,32
2240_e_063,19.0293119,5,36
6234_e_101,16.68070579,5,34
5249_e_097,23.55610991,5,36
3272_e_077,15.50117469,5,31
5943_e_101,28.79605222,5,28
4966_e_097,15.83513904,5,37
4949_e_097,15.41616607,5,32
4673_e_093,117.2481678,10,42
5738_e_099,43.44420218,10,39
5909_e_101,77.29283786,10,37
1661_e_053,91.70840549,10,35
1665_e_053,97.5669229,10,39
3586_e_081,48.31506848,10,44
371_e_019,61.71737313,10,44
4913_e_093,46.10601187,10,40
5938_e_101,93.70563984,10,39
4985_e_097,66.50671816,10,44
6126_e_101,47.42752838,10,40
3688_e_081,44.88432574,10,44
3418_e_079,76.6637361,10,35
1419_e_049,52.28087282,10,39
3247_e_077,25.6244123,10,42
3429_e_079,66.67920756,10,34
4861_e_093,50.25225568,10,40
3753_e_081,60.82116389,10,46
5807_e_099,40.95737171,10,35
5927_e_101,32.57007289,10,34
5128_e_097,67.79426694,10,36
5965_e_101,48.45136762,10,45
3488_e_079,45.73225856,10,42
4720_e_093,33.98676872,10,33
4676_e_093,59.84808016,10,32
3647_e_081,50.02849746,10,40
3403_e_079,29.64646935,10,53
5895_e_101,36.75651693,10,40
4768_e_093,52.87957072,10,37
5571_e_099,49.8481102,10,41
4987_e_097,39.20578194,10,38
5599_e_099,51.51277184,10,33
5517_e_099,30.81677866,10,34
1979_e_057,43.45249295,10,69
4581_e_093,30.72614074,10,36
1410_e_049,35.72984385,10,35
6229_e_101,26.02695322,10,38
2719_e_069,27.36860609,10,40
2190_e_063,19.86920476,10,50
4597_e_093,29.45142388,10,41
5050_e_097,42.1569674,10,29
2621_e_069,20.13835526,10,48
4892_e_093,19.01981282,10,40
1611_e_053,23.08071971,10,34
3174_e_077,35.52405286,10,37
3251_e_077,20.82786727,10,38
5401_e_099,47.86545777,10,30
5450_e_099,16.93424535,10,47
3000_e_073,30.30058098,10,27
3784_e_081,17.52743053,10,39
4995_e_097,20.24778748,10,42
3757_e_081,25.54830694,10,46
6015_e_101,38.8790462,10,32
4806_e_093,40.1391716,10,32
3758_e_081,37.41953444,10,28
3161_e_077,30.47655845,10,32
5040_e_097,27.27480388,10,41
4868_e_093,27.33466196,10,37
5992_e_101,22.47430754,10,32
6112_e_101,28.91340208,10,35
1627_e_053,25.61627936,10,30
3232_e_077,20.65726876,10,36
2689_e_069,19.41770983,10,37
3073_e_073,34.9533937,10,28
3449_e_079,17.2952106,10,45
1644_e_053,26.62487125,10,31
5230_e_097,26.28920197,10,35
5746_e_099,29.85434866,10,42
6199_e_101,18.24795794,10,32
2240_e_063,26.76368237,10,36
6234_e_101,23.42784166,10,34
5249_e_097,29.16851449,10,36
3272_e_077,21.24878192,10,31
5943_e_101,35.42809319,10,28
4966_e_097,20.10674,10,37
4949_e_097,21.98041391,10,32
4673_e_093,236.763061,0,42
5738_e_099,107.7258105,0,39
5909_e_101,118.5307822,0,37
1661_e_053,144.6561637,0,35
1665_e_053,114.5818908,0,39
3586_e_081,146.2106466,0,44
371_e_019,96.57143092,0,44
4913_e_093,92.48735189,0,40
5938_e_101,94.08184099,0,39
4985_e_097,85.53711653,0,44
6126_e_101,63.22261333,0,40
3688_e_081,66.92165089,0,44
3418_e_079,55.35437679,0,35
1419_e_049,50.78175688,0,39
3247_e_077,60.83897805,0,42
3429_e_079,53.37350011,0,34
4861_e_093,83.42931247,0,40
3753_e_081,94.67433214,0,46
5807_e_099,54.92946029,0,35
5927_e_101,47.82000637,0,34
5128_e_097,94.6896317,0,36
5965_e_101,88.68588948,0,45
3488_e_079,29.79794192,0,42
4720_e_093,53.78309345,0,33
4676_e_093,62.02280235,0,32
3647_e_081,78.12064052,0,40
3403_e_079,51.11436224,0,53
5895_e_101,47.43363571,0,40
4768_e_093,44.30447054,0,37
5571_e_099,52.95862484,0,41
4987_e_097,36.99011874,0,38
5599_e_099,36.48354459,0,33
5517_e_099,33.50410867,0,34
1979_e_057,33.08207512,0,69
4581_e_093,42.73736501,0,36
1410_e_049,36.82733512,0,35
6229_e_101,26.14166546,0,38
2719_e_069,33.85898066,0,40
2190_e_063,24.84075618,0,50
4597_e_093,27.97730255,0,41
5050_e_097,30.72487998,0,29
2621_e_069,20.29941869,0,48
4892_e_093,28.69688129,0,40
1611_e_053,26.00995326,0,34
3174_e_077,23.700737,0,37
3251_e_077,22.03893423,0,38
5401_e_099,25.92906976,0,30
5450_e_099,24.41529655,0,47
3000_e_073,22.81000924,0,27
3784_e_081,31.00548959,0,39
4995_e_097,23.16439891,0,42
3757_e_081,23.41696382,0,46
6015_e_101,23.17993832,0,32
4806_e_093,18.453161,0,32
3758_e_081,20.47507572,0,28
3161_e_077,20.02285862,0,32
5040_e_097,19.07686448,0,41
4868_e_093,31.61870623,0,37
5992_e_101,18.90370202,0,32
6112_e_101,17.01670575,0,35
1627_e_053,17.92346954,0,30
3232_e_077,13.85217619,0,36
2689_e_069,20.4340353,0,37
3073_e_073,19.35048985,0,28
3449_e_079,20.34268284,0,45
1644_e_053,18.81507421,0,31
5230_e_097,18.05405998,0,35
5746_e_099,29.71656871,0,42
6199_e_101,16.8247695,0,32
2240_e_063,16.92342496,0,36
6234_e_101,17.36414242,0,34
5249_e_097,22.19980407,0,36
3272_e_077,17.1175859,0,31
5943_e_101,17.80857348,0,28
4966_e_097,14.25824451,0,37
4949_e_097,17.00497794,0,32
4673_e_093,125.8322794,1,42
5738_e_099,64.58992982,1,39
5909_e_101,60.35318136,1,37
1661_e_053,101.5093234,1,35
1665_e_053,91.6461997,1,39
3586_e_081,49.54584622,1,44
371_e_019,57.55322003,1,44
4913_e_093,44.4177053,1,40
5938_e_101,73.95630312,1,39
4985_e_097,65.44415784,1,44
6126_e_101,42.19220591,1,40
3688_e_081,36.52390337,1,44
3418_e_079,63.09302855,1,35
1419_e_049,32.80122375,1,39
3247_e_077,37.93042254,1,42
3429_e_079,51.7692132,1,34
4861_e_093,40.69061041,1,40
3753_e_081,44.33136153,1,46
5807_e_099,27.73808742,1,35
5927_e_101,15.91170907,1,34
5128_e_097,55.17295337,1,36
5965_e_101,32.1275425,1,45
3488_e_079,22.38936138,1,42
4720_e_093,32.91860175,1,33
4676_e_093,40.19243002,1,32
3647_e_081,36.18964052,1,40
3403_e_079,20.88485241,1,53
5895_e_101,32.11043143,1,40
4768_e_093,33.46106648,1,37
5571_e_099,32.43344235,1,41
4987_e_097,20.50823331,1,38
5599_e_099,27.69898987,1,33
5517_e_099,20.35743117,1,34
1979_e_057,31.17115164,1,69
4581_e_093,18.70731544,1,36
1410_e_049,17.72413945,1,35
6229_e_101,14.53573585,1,38
2719_e_069,20.38055658,1,40
2190_e_063,9.276999474,1,50
4597_e_093,13.90325117,1,41
5050_e_097,31.16545868,1,29
2621_e_069,9.64083004,1,48
4892_e_093,8.998656273,1,40
1611_e_053,12.19637179,1,34
3174_e_077,18.42232251,1,37
3251_e_077,10.46061659,1,38
5401_e_099,21.97678232,1,30
5450_e_099,6.301566362,1,47
3000_e_073,15.50793624,1,27
3784_e_081,7.001135111,1,39
4995_e_097,8.939802647,1,42
3757_e_081,11.44530702,1,46
6015_e_101,22.47413111,1,32
4806_e_093,18.36843467,1,32
3758_e_081,19.56377769,1,28
3161_e_077,16.44609952,1,32
5040_e_097,12.40997648,1,41
4868_e_093,14.48970413,1,37
5992_e_101,10.05035162,1,32
6112_e_101,16.38540363,1,35
1627_e_053,13.75558758,1,30
3232_e_077,8.4624331,1,36
2689_e_069,11.79745007,1,37
3073_e_073,18.68919754,1,28
3449_e_079,11.26819849,1,45
1644_e_053,12.03999853,1,31
5230_e_097,14.64266682,1,35
5746_e_099,21.23962998,1,42
6199_e_101,7.234483719,1,32
2240_e_063,18.56355596,1,36
6234_e_101,12.47682476,1,34
5249_e_097,16.32032275,1,36
3272_e_077,9.215446234,1,31
5943_e_101,18.89634418,1,28
4966_e_097,10.59779692,1,37
4949_e_097,10.08141661,1,32
4673_e_093,133.2747726,2,42
5738_e_099,58.04264736,2,39
5909_e_101,61.29971337,2,37
1661_e_053,104.0186713,2,35
1665_e_053,91.37082195,2,39
3586_e_081,48.43062592,2,44
371_e_019,59.60954142,2,44
4913_e_093,48.479002,2,40
5938_e_101,73.03497314,2,39
4985_e_097,50.56562304,2,44
6126_e_101,42.38875914,2,40
3688_e_081,35.09810543,2,44
3418_e_079,56.0049181,2,35
1419_e_049,36.25406337,2,39
3247_e_077,22.03474331,2,42
3429_e_079,52.1346662,2,34
4861_e_093,32.29300785,2,40
3753_e_081,46.77729249,2,46
5807_e_099,30.1703558,2,35
5927_e_101,17.84782004,2,34
5128_e_097,58.45821738,2,36
5965_e_101,35.64880848,2,45
3488_e_079,24.82232785,2,42
4720_e_093,28.58460474,2,33
4676_e_093,42.06348491,2,32
3647_e_081,42.99090838,2,40
3403_e_079,18.0337882,2,53
5895_e_101,26.86244965,2,40
4768_e_093,35.17770696,2,37
5571_e_099,32.78667998,2,41
4987_e_097,21.3204248,2,38
5599_e_099,29.31329107,2,33
5517_e_099,21.57852626,2,34
1979_e_057,30.20007682,2,69
4581_e_093,19.52758288,2,36
1410_e_049,18.76115823,2,35
6229_e_101,15.1579957,2,38
2719_e_069,20.79986429,2,40
2190_e_063,10.16408157,2,50
4597_e_093,15.60598993,2,41
5050_e_097,33.6841104,2,29
2621_e_069,8.950519085,2,48
4892_e_093,10.46750736,2,40
1611_e_053,13.98019338,2,34
3174_e_077,20.16902709,2,37
3251_e_077,10.0307374,2,38
5401_e_099,24.23649073,2,30
5450_e_099,7.227058172,2,47
3000_e_073,15.43569231,2,27
3784_e_081,7.946705341,2,39
4995_e_097,10.01917338,2,42
3757_e_081,13.51440048,2,46
6015_e_101,22.89243865,2,32
4806_e_093,19.15239477,2,32
3758_e_081,21.93737483,2,28
3161_e_077,17.62538385,2,32
5040_e_097,13.56245923,2,41
4868_e_093,15.8457818,2,37
5992_e_101,10.84250569,2,32
6112_e_101,19.33062053,2,35
1627_e_053,15.3933928,2,30
3232_e_077,9.094487906,2,36
2689_e_069,11.42263842,2,37
3073_e_073,20.64277577,2,28
3449_e_079,11.96880317,2,45
1644_e_053,13.1986146,2,31
5230_e_097,14.66361856,2,35
5746_e_099,20.38392901,2,42
6199_e_101,7.669031858,2,32
2240_e_063,15.71205139,2,36
6234_e_101,12.23142338,2,34
5249_e_097,17.12374926,2,36
3272_e_077,10.07801104,2,31
5943_e_101,20.49662042,2,28
4966_e_097,10.69847155,2,37
4949_e_097,10.84891558,2,32
4673_e_093,135.5159771,5,42
5738_e_099,47.91973233,5,39
5909_e_101,66.36383915,5,37
1661_e_053,88.10206366,5,35
1665_e_053,60.93642735,5,39
3586_e_081,36.52161765,5,44
371_e_019,63.42383981,5,44
4913_e_093,44.53821111,5,40
5938_e_101,81.01375437,5,39
4985_e_097,52.58129978,5,44
6126_e_101,47.28234959,5,40
3688_e_081,39.48622346,5,44
3418_e_079,57.57871246,5,35
1419_e_049,37.74613762,5,39
3247_e_077,17.55990982,5,42
3429_e_079,51.81086731,5,34
4861_e_093,37.36339784,5,40
3753_e_081,44.86513638,5,46
5807_e_099,34.99352264,5,35
5927_e_101,21.07686877,5,34
5128_e_097,60.71178699,5,36
5965_e_101,35.94618011,5,45
3488_e_079,29.2511065,5,42
4720_e_093,30.0067451,5,33
4676_e_093,47.0607338,5,32
3647_e_081,34.73224735,5,40
3403_e_079,21.30449343,5,53
5895_e_101,31.53349829,5,40
4768_e_093,39.52794385,5,37
5571_e_099,49.40049696,5,41
4987_e_097,26.95051217,5,38
5599_e_099,35.53379679,5,33
5517_e_099,22.54319882,5,34
1979_e_057,33.12265611,5,69
4581_e_093,21.24212646,5,36
1410_e_049,22.09708118,5,35
6229_e_101,17.73683429,5,38
2719_e_069,20.30896425,5,40
2190_e_063,13.46954083,5,50
4597_e_093,19.75409389,5,41
5050_e_097,41.68901229,5,29
2621_e_069,11.6239512,5,48
4892_e_093,12.80190206,5,40
1611_e_053,14.68081641,5,34
3174_e_077,24.73007011,5,37
3251_e_077,13.71566939,5,38
5401_e_099,30.60484767,5,30
5450_e_099,10.48070717,5,47
3000_e_073,21.2679038,5,27
3784_e_081,10.05771065,5,39
4995_e_097,14.47191572,5,42
3757_e_081,17.60830545,5,46
6015_e_101,26.1757381,5,32
4806_e_093,24.32627249,5,32
3758_e_081,26.48408532,5,28
3161_e_077,23.09802246,5,32
5040_e_097,18.34770417,5,41
4868_e_093,19.77834845,5,37
5992_e_101,14.92664957,5,32
6112_e_101,21.51137638,5,35
1627_e_053,20.28840661,5,30
3232_e_077,13.27126312,5,36
2689_e_069,13.67315364,5,37
3073_e_073,27.72851086,5,28
3449_e_079,11.32262301,5,45
1644_e_053,18.08130431,5,31
5230_e_097,18.66562915,5,35
5746_e_099,22.2856555,5,42
6199_e_101,11.14866352,5,32
2240_e_063,18.54461694,5,36
6234_e_101,15.88023591,5,34
5249_e_097,22.32083535,5,36
3272_e_077,15.39207578,5,31
5943_e_101,28.36648393,5,28
4966_e_097,14.87345219,5,37
4949_e_097,14.44847536,5,32
4673_e_093,116.8537526,10,42
5738_e_099,43.44161916,10,39
5909_e_101,75.73333836,10,37
1661_e_053,92.15651655,10,35
1665_e_053,99.09465408,10,39
3586_e_081,49.49499893,10,44
371_e_019,64.22824931,10,44
4913_e_093,47.16206193,10,40
5938_e_101,95.20489597,10,39
4985_e_097,66.4288311,10,44
6126_e_101,46.81095648,10,40
3688_e_081,45.26264,10,44
3418_e_079,73.13616848,10,35
1419_e_049,49.9467721,10,39
3247_e_077,25.50784612,10,42
3429_e_079,65.08001041,10,34
4861_e_093,48.46390247,10,40
3753_e_081,58.29479456,10,46
5807_e_099,39.2879858,10,35
5927_e_101,29.8626864,10,34
5128_e_097,63.78462076,10,36
5965_e_101,43.92897701,10,45
3488_e_079,41.2117455,10,42
4720_e_093,31.93440461,10,33
4676_e_093,56.44549417,10,32
3647_e_081,48.67267346,10,40
3403_e_079,28.02233434,10,53
5895_e_101,34.29353237,10,40
4768_e_093,49.12309647,10,37
5571_e_099,48.03764057,10,41
4987_e_097,36.12126088,10,38
5599_e_099,47.80266571,10,33
5517_e_099,29.29792595,10,34
1979_e_057,39.49648643,10,69
4581_e_093,28.96260428,10,36
1410_e_049,32.13416433,10,35
6229_e_101,24.60970497,10,38
2719_e_069,25.07567596,10,40
2190_e_063,18.16518497,10,50
4597_e_093,26.2965126,10,41
5050_e_097,39.42480397,10,29
2621_e_069,18.01248813,10,48
4892_e_093,17.13676739,10,40
1611_e_053,21.77484012,10,34
3174_e_077,32.11715388,10,37
3251_e_077,19.95355868,10,38
5401_e_099,42.86154032,10,30
5450_e_099,16.5085392,10,47
3000_e_073,28.57566905,10,27
3784_e_081,16.71516848,10,39
4995_e_097,19.0517211,10,42
3757_e_081,24.15273333,10,46
6015_e_101,38.68713498,10,32
4806_e_093,38.51291561,10,32
3758_e_081,36.59620428,10,28
3161_e_077,31.43410516,10,32
5040_e_097,28.18400908,10,41
4868_e_093,27.90772176,10,37
5992_e_101,22.48493981,10,32
6112_e_101,29.3384397,10,35
1627_e_053,26.14449763,10,30
3232_e_077,20.84960818,10,36
2689_e_069,19.97627306,10,37
3073_e_073,35.55970669,10,28
3449_e_079,17.81218195,10,45
1644_e_053,27.35575414,10,31
5230_e_097,27.02835679,10,35
5746_e_099,30.54940081,10,42
6199_e_101,18.55098796,10,32
2240_e_063,27.84913015,10,36
6234_e_101,24.07274032,10,34
5249_e_097,30.66571188,10,36
3272_e_077,21.27651763,10,31
5943_e_101,36.70143151,10,28
4966_e_097,20.85899186,10,37
4949_e_097,23.56472635,10,32
4673_e_093,232.1987355,0,42
5738_e_099,106.9669726,0,39
5909_e_101,118.020895,0,37
1661_e_053,143.8669231,0,35
1665_e_053,113.4917324,0,39
3586_e_081,145.4136081,0,44
371_e_019,95.39631915,0,44
4913_e_093,91.51854348,0,40
5938_e_101,92.65179205,0,39
4985_e_097,84.40117574,0,44
6126_e_101,62.32423973,0,40
3688_e_081,66.39990902,0,44
3418_e_079,53.36142612,0,35
1419_e_049,48.77327752,0,39
3247_e_077,58.19750738,0,42
3429_e_079,51.73682857,0,34
4861_e_093,81.67667007,0,40
3753_e_081,92.32300687,0,46
5807_e_099,53.67171836,0,35
5927_e_101,46.44561195,0,34
5128_e_097,93.05046487,0,36
5965_e_101,87.24010611,0,45
3488_e_079,27.97223091,0,42
4720_e_093,53.17512107,0,33
4676_e_093,61.07993817,0,32
3647_e_081,77.07807159,0,40
3403_e_079,50.29962039,0,53
5895_e_101,45.51057506,0,40
4768_e_093,43.21478081,0,37
5571_e_099,51.82989359,0,41
4987_e_097,35.61060357,0,38
5599_e_099,35.52022433,0,33
5517_e_099,32.90931869,0,34
1979_e_057,31.0669291,0,69
4581_e_093,41.39315605,0,36
1410_e_049,35.17591262,0,35
6229_e_101,25.35583329,0,38
2719_e_069,32.84315062,0,40
2190_e_063,24.20438051,0,50
4597_e_093,27.09417582,0,41
5050_e_097,29.82991028,0,29
2621_e_069,19.46566129,0,48
4892_e_093,28.09490299,0,40
1611_e_053,25.22626495,0,34
3174_e_077,22.63378239,0,37
3251_e_077,21.74254203,0,38
5401_e_099,24.86825871,0,30
5450_e_099,23.84806728,0,47
3000_e_073,21.1638577,0,27
3784_e_081,29.57301736,0,39
4995_e_097,22.78208971,0,42
3757_e_081,22.2793293,0,46
6015_e_101,22.38851213,0,32
4806_e_093,17.37428761,0,32
3758_e_081,19.64991403,0,28
3161_e_077,18.74215245,0,32
5040_e_097,18.06847763,0,41
4868_e_093,30.63556719,0,37
5992_e_101,18.45395112,0,32
6112_e_101,16.46319628,0,35
1627_e_053,17.07034612,0,30
3232_e_077,13.19605279,0,36
2689_e_069,19.57174039,0,37
3073_e_073,18.20429182,0,28
3449_e_079,19.74246049,0,45
1644_e_053,18.05534363,0,31
5230_e_097,16.7706933,0,35
5746_e_099,28.68664289,0,42
6199_e_101,16.36292553,0,32
2240_e_063,15.79887843,0,36
6234_e_101,16.86737204,0,34
5249_e_097,21.06727839,0,36
3272_e_077,16.58027339,0,31
5943_e_101,17.15332842,0,28
4966_e_097,13.41989636,0,37
4949_e_097,16.03009343,0,32
4673_e_093,122.0755324,1,42
5738_e_099,68.05514216,1,39
5909_e_101,58.84822035,1,37
1661_e_053,100.8250904,1,35
1665_e_053,89.97548532,1,39
3586_e_081,48.76961422,1,44
371_e_019,56.60525393,1,44
4913_e_093,43.52632451,1,40
5938_e_101,73.37533188,1,39
4985_e_097,63.69696236,1,44
6126_e_101,41.42901373,1,40
3688_e_081,36.4713695,1,44
3418_e_079,61.86621475,1,35
1419_e_049,32.55677485,1,39
3247_e_077,37.79663324,1,42
3429_e_079,50.99540925,1,34
4861_e_093,39.43338561,1,40
3753_e_081,42.34403515,1,46
5807_e_099,26.70637918,1,35
5927_e_101,15.05744052,1,34
5128_e_097,53.35171413,1,36
5965_e_101,31.27337384,1,45
3488_e_079,21.49727869,1,42
4720_e_093,32.63935041,1,33
4676_e_093,39.49059153,1,32
3647_e_081,35.97185469,1,40
3403_e_079,20.43474865,1,53
5895_e_101,31.12149787,1,40
4768_e_093,32.07575488,1,37
5571_e_099,30.62497783,1,41
4987_e_097,19.39893293,1,38
5599_e_099,26.3510325,1,33
5517_e_099,19.56686521,1,34
1979_e_057,29.38493252,1,69
4581_e_093,17.31469727,1,36
1410_e_049,16.01862502,1,35
6229_e_101,13.82776213,1,38
2719_e_069,18.63806748,1,40
2190_e_063,8.363761425,1,50
4597_e_093,12.98483896,1,41
5050_e_097,29.8897481,1,29
2621_e_069,8.64684844,1,48
4892_e_093,8.524203062,1,40
1611_e_053,11.77321863,1,34
3174_e_077,17.38537526,1,37
3251_e_077,10.08121324,1,38
5401_e_099,20.34173775,1,30
5450_e_099,5.915811777,1,47
3000_e_073,14.27801037,1,27
3784_e_081,6.371344328,1,39
4995_e_097,8.27147913,1,42
3757_e_081,10.41535521,1,46
6015_e_101,21.06939173,1,32
4806_e_093,16.53735709,1,32
3758_e_081,18.17090321,1,28
3161_e_077,14.57929134,1,32
5040_e_097,11.14446354,1,41
4868_e_093,13.54412293,1,37
5992_e_101,9.828846693,1,32
6112_e_101,15.67799997,1,35
1627_e_053,12.68842101,1,30
3232_e_077,7.864654303,1,36
2689_e_069,11.0002234,1,37
3073_e_073,16.81800961,1,28
3449_e_079,10.36205482,1,45
1644_e_053,11.33131146,1,31
5230_e_097,13.26063275,1,35
5746_e_099,20.26784873,1,42
6199_e_101,6.807435751,1,32
2240_e_063,17.05349851,1,36
6234_e_101,11.6928544,1,34
5249_e_097,14.71776676,1,36
3272_e_077,8.332820177,1,31
5943_e_101,17.24666166,1,28
4966_e_097,9.674039602,1,37
4949_e_097,9.050914526,1,32
4673_e_093,132.382668,2,42
5738_e_099,57.51306581,2,39
5909_e_101,60.64010525,2,37
1661_e_053,102.673892,2,35
1665_e_053,89.66527677,2,39
3586_e_081,47.61267972,2,44
371_e_019,58.76227617,2,44
4913_e_093,47.10687709,2,40
5938_e_101,72.00113845,2,39
4985_e_097,48.0950675,2,44
6126_e_101,40.8226459,2,40
3688_e_081,34.09156513,2,44
3418_e_079,54.13272262,2,35
1419_e_049,34.95810127,2,39
3247_e_077,21.31924653,2,42
3429_e_079,50.91516662,2,34
4861_e_093,31.03704047,2,40
3753_e_081,44.80015254,2,46
5807_e_099,29.39713287,2,35
5927_e_101,16.74000382,2,34
5128_e_097,57.05930638,2,36
5965_e_101,33.95646882,2,45
3488_e_079,22.99010277,2,42
4720_e_093,28.032444,2,33
4676_e_093,41.93925047,2,32
3647_e_081,42.72376347,2,40
3403_e_079,17.79265404,2,53
5895_e_101,26.42527986,2,40
4768_e_093,34.82494545,2,37
5571_e_099,32.5118866,2,41
4987_e_097,21.13759065,2,38
5599_e_099,28.60638809,2,33
5517_e_099,21.76495266,2,34
1979_e_057,29.98777103,2,69
4581_e_093,19.34280372,2,36
1410_e_049,18.59524608,2,35
6229_e_101,15.02752733,2,38
2719_e_069,21.02670598,2,40
2190_e_063,9.901917696,2,50
4597_e_093,15.12229443,2,41
5050_e_097,33.35434842,2,29
2621_e_069,8.76594615,2,48
4892_e_093,10.30795312,2,40
1611_e_053,13.84240198,2,34
3174_e_077,19.66509151,2,37
3251_e_077,9.991814137,2,38
5401_e_099,23.56563115,2,30
5450_e_099,7.141583681,2,47
3000_e_073,15.03542376,2,27
3784_e_081,7.802954912,2,39
4995_e_097,9.935682297,2,42
3757_e_081,13.33550978,2,46
6015_e_101,22.36186242,2,32
4806_e_093,18.71323705,2,32
3758_e_081,21.77125144,2,28
3161_e_077,17.41557956,2,32
5040_e_097,13.58352351,2,41
4868_e_093,15.70014787,2,37
5992_e_101,10.71586871,2,32
6112_e_101,19.1818049,2,35
1627_e_053,15.25399446,2,30
3232_e_077,8.925046921,2,36
2689_e_069,11.46178436,2,37
3073_e_073,20.2695539,2,28
3449_e_079,11.88014388,2,45
1644_e_053,13.00892234,2,31
5230_e_097,14.39376378,2,35
5746_e_099,20.03977203,2,42
6199_e_101,7.474795341,2,32
2240_e_063,15.48641849,2,36
6234_e_101,11.96276307,2,34
5249_e_097,16.84081078,2,36
3272_e_077,9.844898701,2,31
5943_e_101,19.82131052,2,28
4966_e_097,10.42175484,2,37
4949_e_097,10.52508593,2,32
4673_e_093,134.9189265,5,42
5738_e_099,48.46955538,5,39
5909_e_101,67.17661524,5,37
1661_e_053,88.85939956,5,35
1665_e_053,60.57821226,5,39
3586_e_081,36.74864101,5,44
371_e_019,62.8602984,5,44
4913_e_093,44.75619507,5,40
5938_e_101,79.66397023,5,39
4985_e_097,53.45536447,5,44
6126_e_101,48.21632242,5,40
3688_e_081,39.93181705,5,44
3418_e_079,59.84306407,5,35
1419_e_049,39.25766683,5,39
3247_e_077,17.96540761,5,42
3429_e_079,52.58692908,5,34
4861_e_093,38.47878003,5,40
3753_e_081,45.89127445,5,46
5807_e_099,35.28445053,5,35
5927_e_101,21.32310557,5,34
5128_e_097,61.71025419,5,36
5965_e_101,37.13344741,5,45
3488_e_079,31.78331137,5,42
4720_e_093,30.50242424,5,33
4676_e_093,47.9675312,5,32
3647_e_081,35.07309484,5,40
3403_e_079,21.67850947,5,53
5895_e_101,31.57515669,5,40
4768_e_093,39.22889614,5,37
5571_e_099,48.52025008,5,41
4987_e_097,28.21465492,5,38
5599_e_099,35.77469611,5,33
5517_e_099,22.53739953,5,34
1979_e_057,34.22588301,5,69
4581_e_093,21.72772217,5,36
1410_e_049,23.12591743,5,35
6229_e_101,17.66678286,5,38
2719_e_069,20.49198771,5,40
2190_e_063,14.11543179,5,50
4597_e_093,20.41928864,5,41
5050_e_097,41.92225003,5,29
2621_e_069,12.27318048,5,48
4892_e_093,12.73407078,5,40
1611_e_053,14.73566818,5,34
3174_e_077,25.23519111,5,37
3251_e_077,13.90184259,5,38
5401_e_099,30.33012176,5,30
5450_e_099,10.96505666,5,47
3000_e_073,21.45990801,5,27
3784_e_081,10.45577502,5,39
4995_e_097,14.49253559,5,42
3757_e_081,17.88376832,5,46
6015_e_101,26.32047606,5,32
4806_e_093,25.47758889,5,32
3758_e_081,28.31344318,5,28
3161_e_077,25.71873355,5,32
5040_e_097,20.16883659,5,41
4868_e_093,20.77651882,5,37
5992_e_101,15.49428964,5,32
6112_e_101,22.46051359,5,35
1627_e_053,21.12048125,5,30
3232_e_077,13.41114688,5,36
2689_e_069,14.08441854,5,37
3073_e_073,28.71545053,5,28
3449_e_079,11.94714093,5,45
1644_e_053,18.89484715,5,31
5230_e_097,20.26550269,5,35
5746_e_099,23.60487676,5,42
6199_e_101,11.82853675,5,32
2240_e_063,19.0859127,5,36
6234_e_101,16.64404845,5,34
5249_e_097,23.84602928,5,36
3272_e_077,15.56804132,5,31
5943_e_101,28.8750298,5,28
4966_e_097,15.75240779,5,37
4949_e_097,14.99991584,5,32
4673_e_093,117.6943295,10,42
5738_e_099,43.89662409,10,39
5909_e_101,77.28728366,10,37
1661_e_053,91.82354498,10,35
1665_e_053,97.16719174,10,39
3586_e_081,48.76510882,10,44
371_e_019,61.83563399,10,44
4913_e_093,45.65543008,10,40
5938_e_101,92.91511106,10,39
4985_e_097,64.37278533,10,44
6126_e_101,46.17811561,10,40
3688_e_081,43.83865333,10,44
3418_e_079,72.356251,10,35
1419_e_049,48.43371725,10,39
3247_e_077,24.92702937,10,42
3429_e_079,63.70496845,10,34
4861_e_093,47.0535903,10,40
3753_e_081,57.12040234,10,46
5807_e_099,40.34643602,10,35
5927_e_101,30.97777939,10,34
5128_e_097,65.45122671,10,36
5965_e_101,45.70097375,10,45
3488_e_079,42.99967313,10,42
4720_e_093,33.08728981,10,33
4676_e_093,58.19071341,10,32
3647_e_081,49.03262353,10,40
3403_e_079,28.68396068,10,53
5895_e_101,34.87100554,10,40
4768_e_093,51.04061866,10,37
5571_e_099,48.54988861,10,41
4987_e_097,37.70630074,10,38
5599_e_099,50.19889712,10,33
5517_e_099,30.62296343,10,34
1979_e_057,41.36197805,10,69
4581_e_093,29.54956341,10,36
1410_e_049,33.77118993,10,35
6229_e_101,25.41724539,10,38
2719_e_069,27.05515027,10,40
2190_e_063,19.01188755,10,50
4597_e_093,27.567518,10,41
5050_e_097,41.71958876,10,29
2621_e_069,18.65849972,10,48
4892_e_093,18.42417574,10,40
1611_e_053,22.38968158,10,34
3174_e_077,33.29812932,10,37
3251_e_077,20.31984735,10,38
5401_e_099,46.59309483,10,30
5450_e_099,16.93382359,10,47
3000_e_073,30.59705997,10,27
3784_e_081,17.27266741,10,39
4995_e_097,20.08450627,10,42
3757_e_081,24.33253455,10,46
6015_e_101,38.88244462,10,32
4806_e_093,38.38406706,10,32
3758_e_081,36.489815,10,28
3161_e_077,31.6140573,10,32
5040_e_097,28.3882091,10,41
4868_e_093,28.1418786,10,37
5992_e_101,23.22626185,10,32
6112_e_101,29.32740402,10,35
1627_e_053,26.53095818,10,30
3232_e_077,21.01593089,10,36
2689_e_069,19.88504577,10,37
3073_e_073,36.62242389,10,28
3449_e_079,17.73798776,10,45
1644_e_053,27.57023811,10,31
5230_e_097,27.60198617,10,35
5746_e_099,30.91474652,10,42
6199_e_101,18.18365288,10,32
2240_e_063,27.72449732,10,36
6234_e_101,24.2009027,10,34
5249_e_097,30.79557085,10,36
3272_e_077,22.18310738,10,31
5943_e_101,36.60646033,10,28
4966_e_097,20.59651184,10,37
4949_e_097,23.1041081,10,32
4673_e_093,233.8341155,0,42
5738_e_099,107.9518373,0,39
5909_e_101,118.8718333,0,37
1661_e_053,145.4594822,0,35
1665_e_053,114.9535854,0,39
3586_e_081,146.3871872,0,44
371_e_019,96.82190871,0,44
4913_e_093,92.84415102,0,40
5938_e_101,93.63863087,0,39
4985_e_097,86.30563879,0,44
6126_e_101,63.36480355,0,40
3688_e_081,67.21484828,0,44
3418_e_079,56.45200229,0,35
1419_e_049,51.49748778,0,39
3247_e_077,59.56592512,0,42
3429_e_079,53.57579517,0,34
4861_e_093,84.41416574,0,40
3753_e_081,95.51789522,0,46
5807_e_099,55.37382603,0,35
5927_e_101,48.86024928,0,34
5128_e_097,95.06384563,0,36
5965_e_101,89.76047802,0,45
3488_e_079,29.75480652,0,42
4720_e_093,53.7823565,0,33
4676_e_093,61.89568377,0,32
3647_e_081,78.00249004,0,40
3403_e_079,50.97327733,0,53
5895_e_101,46.93563533,0,40
4768_e_093,44.2560029,0,37
5571_e_099,52.47178984,0,41
4987_e_097,37.2841301,0,38
5599_e_099,36.38038635,0,33
5517_e_099,33.58068657,0,34
1979_e_057,32.52981853,0,69
4581_e_093,42.90127134,0,36
1410_e_049,37.0579474,0,35
6229_e_101,25.81135941,0,38
2719_e_069,33.67317295,0,40
2190_e_063,24.61246157,0,50
4597_e_093,28.07392335,0,41
5050_e_097,30.5785265,0,29
2621_e_069,20.19121218,0,48
4892_e_093,28.64262581,0,40
1611_e_053,25.79351735,0,34
3174_e_077,23.80466628,0,37
3251_e_077,21.96237135,0,38
5401_e_099,26.66586804,0,30
5450_e_099,24.29841304,0,47
3000_e_073,22.53498793,0,27
3784_e_081,30.30665994,0,39
4995_e_097,23.43104196,0,42
3757_e_081,22.95785499,0,46
6015_e_101,23.18859982,0,32
4806_e_093,18.2634871,0,32
3758_e_081,20.26575637,0,28
3161_e_077,19.75060058,0,32
5040_e_097,18.73240185,0,41
4868_e_093,31.15723872,0,37
5992_e_101,18.98245573,0,32
6112_e_101,16.94820762,0,35
1627_e_053,18.04457426,0,30
3232_e_077,13.96294546,0,36
2689_e_069,20.18140769,0,37
3073_e_073,19.42183828,0,28
3449_e_079,20.32641315,0,45
1644_e_053,18.67478633,0,31
5230_e_097,17.88382506,0,35
5746_e_099,29.50486088,0,42
6199_e_101,16.92188907,0,32
2240_e_063,16.96465373,0,36
6234_e_101,17.30165339,0,34
5249_e_097,22.43197107,0,36
3272_e_077,16.90829897,0,31
5943_e_101,17.7823782,0,28
4966_e_097,14.1674459,0,37
4949_e_097,16.82364535,0,32
4673_e_093,126.6072559,1,42
5738_e_099,64.36814857,1,39
5909_e_101,61.1266396,1,37
1661_e_053,102.2474132,1,35
1665_e_053,92.83803463,1,39
3586_e_081,49.75348854,1,44
371_e_019,57.91648006,1,44
4913_e_093,45.27865839,1,40
5938_e_101,74.78862715,1,39
4985_e_097,66.51085758,1,44
6126_e_101,43.10368729,1,40
3688_e_081,41.01517987,1,44
3418_e_079,65.89123249,1,35
1419_e_049,34.97723365,1,39
3247_e_077,39.10555005,1,42
3429_e_079,53.0200603,1,34
4861_e_093,41.86190128,1,40
3753_e_081,45.38867188,1,46
5807_e_099,28.29187918,1,35
5927_e_101,16.85565853,1,34
5128_e_097,56.07512927,1,36
5965_e_101,34.22601151,1,45
3488_e_079,24.65859079,1,42
4720_e_093,34.01399326,1,33
4676_e_093,41.58474803,1,32
3647_e_081,37.31773663,1,40
3403_e_079,21.59775949,1,53
5895_e_101,32.9264307,1,40
4768_e_093,34.41565251,1,37
5571_e_099,33.22195029,1,41
4987_e_097,21.11733484,1,38
5599_e_099,28.90356994,1,33
5517_e_099,20.97342539,1,34
1979_e_057,31.68489838,1,69
4581_e_093,18.54068398,1,36
1410_e_049,18.04798031,1,35
6229_e_101,14.85762906,1,38
2719_e_069,20.49826193,1,40
2190_e_063,9.540969849,1,50
4597_e_093,14.11874056,1,41
5050_e_097,31.32393193,1,29
2621_e_069,9.505709171,1,48
4892_e_093,9.097352028,1,40
1611_e_053,12.2819736,1,34
3174_e_077,18.53300929,1,37
3251_e_077,10.51623249,1,38
5401_e_099,22.51181936,1,30
5450_e_099,6.275127888,1,47
3000_e_073,15.92448997,1,27
3784_e_081,7.245693922,1,39
4995_e_097,9.045461655,1,42
3757_e_081,11.5419178,1,46
6015_e_101,22.77692127,1,32
4806_e_093,18.13301206,1,32
3758_e_081,19.84052825,1,28
3161_e_077,16.07764292,1,32
5040_e_097,12.60634422,1,41
4868_e_093,14.47090292,1,37
5992_e_101,10.30059719,1,32
6112_e_101,16.86216164,1,35
1627_e_053,13.88471699,1,30
3232_e_077,8.394170046,1,36
2689_e_069,11.9886806,1,37
3073_e_073,18.88176703,1,28
3449_e_079,11.28601909,1,45
1644_e_053,12.19756007,1,31
5230_e_097,14.78154945,1,35
5746_e_099,21.26926064,1,42
6199_e_101,7.419005156,1,32
2240_e_063,18.75294948,1,36
6234_e_101,12.729038,1,34
5249_e_097,16.77581143,1,36
3272_e_077,9.427754164,1,31
5943_e_101,19.04483843,1,28
4966_e_097,10.81492615,1,37
4949_e_097,10.21693969,1,32
4673_e_093,132.7989807,2,42
5738_e_099,57.49876523,2,39
5909_e_101,60.21051383,2,37
1661_e_053,101.9503715,2,35
1665_e_053,89.51820564,2,39
3586_e_081,47.65082765,2,44
371_e_019,58.82221651,2,44
4913_e_093,47.23831844,2,40
5938_e_101,71.80298471,2,39
4985_e_097,48.80223536,2,44
6126_e_101,41.35244679,2,40
3688_e_081,33.86767197,2,44
3418_e_079,54.45015383,2,35
1419_e_049,34.70045257,2,39
3247_e_077,21.44659948,2,42
3429_e_079,50.91659355,2,34
4861_e_093,31.2359674,2,40
3753_e_081,45.24939632,2,46
5807_e_099,29.5229907,2,35
5927_e_101,17.0409534,2,34
5128_e_097,57.34128571,2,36
5965_e_101,33.94152951,2,45
3488_e_079,23.47108626,2,42
4720_e_093,28.01603556,2,33
4676_e_093,42.22063494,2,32
3647_e_081,42.84578586,2,40
3403_e_079,17.92293906,2,53
5895_e_101,26.61648631,2,40
4768_e_093,35.09752584,2,37
5571_e_099,32.61887956,2,41
4987_e_097,21.29708385,2,38
5599_e_099,28.91033745,2,33
5517_e_099,21.50026846,2,34
1979_e_057,30.1587534,2,69
4581_e_093,19.36249757,2,36
1410_e_049,18.97114635,2,35
6229_e_101,15.12359333,2,38
2719_e_069,21.25162363,2,40
2190_e_063,10.16933322,2,50
4597_e_093,15.31544924,2,41
5050_e_097,33.89596057,2,29
2621_e_069,9.000917673,2,48
4892_e_093,10.29352236,2,40
1611_e_053,13.83910441,2,34
3174_e_077,19.84540915,2,37
3251_e_077,9.955318689,2,38
5401_e_099,23.93185568,2,30
5450_e_099,7.178921223,2,47
3000_e_073,15.4083879,2,27
3784_e_081,7.962584019,2,39
4995_e_097,10.01311779,2,42
3757_e_081,13.53333092,2,46
6015_e_101,22.61707044,2,32
4806_e_093,19.14844131,2,32
3758_e_081,21.89371395,2,28
3161_e_077,17.45135117,2,32
5040_e_097,13.75112319,2,41
4868_e_093,15.80710292,2,37
5992_e_101,10.8131907,2,32
6112_e_101,19.15677786,2,35
1627_e_053,15.43579745,2,30
3232_e_077,9.254532099,2,36
2689_e_069,11.33276153,2,37
3073_e_073,20.43854642,2,28
3449_e_079,11.89140534,2,45
1644_e_053,13.16226411,2,31
5230_e_097,14.54668188,2,35
5746_e_099,20.18626213,2,42
6199_e_101,7.564718485,2,32
2240_e_063,15.8274672,2,36
6234_e_101,12.11574912,2,34
5249_e_097,16.98677397,2,36
3272_e_077,9.953649759,2,31
5943_e_101,20.28910708,2,28
4966_e_097,10.68012643,2,37
4949_e_097,10.75717044,2,32
4673_e_093,135.3679588,5,42
5738_e_099,48.63175273,5,39
5909_e_101,67.19816351,5,37
1661_e_053,88.92360115,5,35
1665_e_053,60.7278769,5,39
3586_e_081,36.78966427,5,44
371_e_019,63.06760979,5,44
4913_e_093,49.32621932,5,40
5938_e_101,79.74510288,5,39
4985_e_097,53.71793842,5,44
6126_e_101,48.48394036,5,40
3688_e_081,40.15696645,5,44
3418_e_079,60.42735982,5,35
1419_e_049,39.13471651,5,39
3247_e_077,17.49121118,5,42
3429_e_079,52.76288009,5,34
4861_e_093,38.70385766,5,40
3753_e_081,46.28890967,5,46
5807_e_099,35.40378022,5,35
5927_e_101,21.70569468,5,34
5128_e_097,61.50732303,5,36
5965_e_101,37.09296489,5,45
3488_e_079,31.33546329,5,42
4720_e_093,30.19999814,5,33
4676_e_093,47.28012681,5,32
3647_e_081,34.96598959,5,40
3403_e_079,21.61702371,5,53
5895_e_101,31.81551695,5,40
4768_e_093,39.60876226,5,37
5571_e_099,48.6856606,5,41
4987_e_097,28.38640285,5,38
5599_e_099,36.28520107,5,33
5517_e_099,22.868258,5,34
1979_e_057,34.5056324,5,69
4581_e_093,21.74412584,5,36
1410_e_049,23.38481402,5,35
6229_e_101,17.81257486,5,38
2719_e_069,20.95199394,5,40
2190_e_063,14.03299618,5,50
4597_e_093,20.42917228,5,41
5050_e_097,42.0054028,5,29
2621_e_069,12.20782471,5,48
4892_e_093,12.92141581,5,40
1611_e_053,14.74354744,5,34
3174_e_077,25.29567909,5,37
3251_e_077,13.93186283,5,38
5401_e_099,30.4751761,5,30
5450_e_099,10.838835,5,47
3000_e_073,21.51565194,5,27
3784_e_081,10.52193379,5,39
4995_e_097,14.66155648,5,42
3757_e_081,18.44970942,5,46
6015_e_101,27.32520676,5,32
4806_e_093,26.52853799,5,32
3758_e_081,27.97571206,5,28
3161_e_077,24.77434039,5,32
5040_e_097,19.24950266,5,41
4868_e_093,20.4371655,5,37
5992_e_101,15.09548545,5,32
6112_e_101,22.39807916,5,35
1627_e_053,20.39802814,5,30
3232_e_077,13.19675541,5,36
2689_e_069,14.02410603,5,37
3073_e_073,28.19071293,5,28
3449_e_079,11.64765954,5,45
1644_e_053,18.40986371,5,31
5230_e_097,19.80518579,5,35
5746_e_099,22.88074994,5,42
6199_e_101,11.43740559,5,32
2240_e_063,18.26458192,5,36
6234_e_101,16.17165947,5,34
5249_e_097,22.99501944,5,36
3272_e_077,15.32012129,5,31
5943_e_101,28.14189649,5,28
4966_e_097,15.40557742,5,37
4949_e_097,14.88504934,5,32
4673_e_093,117.9542515,10,42
5738_e_099,44.21464229,10,39
5909_e_101,77.57623696,10,37
1661_e_053,91.74224997,10,35
1665_e_053,97.89892793,10,39
3586_e_081,48.67933559,10,44
371_e_019,62.29621816,10,44
4913_e_093,46.3236084,10,40
5938_e_101,93.39622593,10,39
4985_e_097,65.50010514,10,44
6126_e_101,46.1895647,10,40
3688_e_081,44.68343973,10,44
3418_e_079,73.49671197,10,35
1419_e_049,51.08768678,10,39
3247_e_077,25.28918743,10,42
3429_e_079,64.07493877,10,34
4861_e_093,48.15890312,10,40
3753_e_081,58.18269587,10,46
5807_e_099,40.40122223,10,35
5927_e_101,31.31636357,10,34
5128_e_097,66.20268583,10,36
5965_e_101,46.34518051,10,45
3488_e_079,44.28109956,10,42
4720_e_093,33.17887378,10,33
4676_e_093,58.46869755,10,32
3647_e_081,49.27165532,10,40
3403_e_079,28.86711502,10,53
5895_e_101,35.32872629,10,40
4768_e_093,51.2224524,10,37
5571_e_099,48.81934857,10,41
4987_e_097,37.80492425,10,38
5599_e_099,50.30894089,10,33
5517_e_099,30.2525537,10,34
1979_e_057,42.2336359,10,69
4581_e_093,29.78003407,10,36
1410_e_049,34.29962111,10,35
6229_e_101,25.40331769,10,38
2719_e_069,26.91335249,10,40
2190_e_063,19.17708898,10,50
4597_e_093,27.49166107,10,41
5050_e_097,40.79616022,10,29
2621_e_069,18.85306072,10,48
4892_e_093,17.70786071,10,40
1611_e_053,22.30908132,10,34
3174_e_077,33.73682714,10,37
3251_e_077,20.63229322,10,38
5401_e_099,46.98344064,10,30
5450_e_099,16.84152651,10,47
3000_e_073,30.43312812,10,27
3784_e_081,17.43778014,10,39
4995_e_097,19.97492647,10,42
3757_e_081,24.58175755,10,46
6015_e_101,38.84267807,10,32
4806_e_093,39.14139628,10,32
3758_e_081,37.14980578,10,28
3161_e_077,32.15513468,10,32
5040_e_097,28.45117545,10,41
4868_e_093,28.24970961,10,37
5992_e_101,23.52526569,10,32
6112_e_101,29.71068048,10,35
1627_e_053,26.65292597,10,30
3232_e_077,21.11501718,10,36
2689_e_069,20.1739223,10,37
3073_e_073,36.65388918,10,28
3449_e_079,17.94769859,10,45
1644_e_053,27.55964112,10,31
5230_e_097,27.66298342,10,35
5746_e_099,31.04285192,10,42
6199_e_101,18.3228054,10,32
2240_e_063,28.73889184,10,36
6234_e_101,24.39636207,10,34
5249_e_097,30.95686603,10,36
3272_e_077,21.99375844,10,31
5943_e_101,37.08495855,10,28
4966_e_097,20.96704841,10,37
4949_e_097,23.1402123,10,32
4673_e_093,147.294379,0,42
5738_e_099,106.7887874,0,39
5909_e_101,125.6583657,0,37
1661_e_053,120.1413758,0,35
1665_e_053,117.4892325,0,39
3586_e_081,144.7776122,0,44
371_e_019,111.6549053,0,44
4913_e_093,76.78468227,0,40
5938_e_101,91.44595027,0,39
4985_e_097,91.54006481,0,44
6126_e_101,75.93922114,0,40
3688_e_081,78.54737258,0,44
3418_e_079,71.66105819,0,35
1419_e_049,68.89009094,0,39
3247_e_077,65.26733971,0,42
3429_e_079,69.31831717,0,34
4861_e_093,64.30974436,0,40
3753_e_081,57.72639513,0,46
5807_e_099,57.25396752,0,35
5927_e_101,45.83167171,0,34
5128_e_097,94.04817176,0,36
5965_e_101,56.43358326,0,45
3488_e_079,51.71874547,0,42
4720_e_093,49.01976275,0,33
4676_e_093,47.15393829,0,32
3647_e_081,46.13966751,0,40
3403_e_079,45.9444046,0,53
5895_e_101,43.14816618,0,40
4768_e_093,45.73666453,0,37
5571_e_099,37.21654105,0,41
4987_e_097,34.13895464,0,38
5599_e_099,35.41637993,0,33
5517_e_099,32.96563148,0,34
1979_e_057,31.5683732,0,69
4581_e_093,32.68378186,0,36
1410_e_049,31.7589457,0,35
6229_e_101,17.83280373,0,38
2719_e_069,26.21638632,0,40
2190_e_063,37.22116184,0,50
4597_e_093,27.04969144,0,41
5050_e_097,28.14819384,0,29
2621_e_069,24.44186187,0,48
4892_e_093,27.76845598,0,40
1611_e_053,26.28879237,0,34
3174_e_077,24.64911866,0,37
3251_e_077,23.49694824,0,38
5401_e_099,23.47385836,0,30
5450_e_099,23.79351592,0,47
3000_e_073,20.59381771,0,27
3784_e_081,19.74949026,0,39
4995_e_097,22.92145801,0,42
3757_e_081,18.01336312,0,46
6015_e_101,21.18814301,0,32
4806_e_093,21.62010574,0,32
3758_e_081,19.71347308,0,28
3161_e_077,19.57051325,0,32
5040_e_097,18.02870607,0,41
4868_e_093,19.54022002,0,37
5992_e_101,19.24865794,0,32
6112_e_101,18.34207177,0,35
1627_e_053,17.93450713,0,30
3232_e_077,18.30161524,0,36
2689_e_069,16.62002563,0,37
3073_e_073,17.59673214,0,28
3449_e_079,15.96545863,0,45
1644_e_053,18.10019612,0,31
5230_e_097,16.95983791,0,35
5746_e_099,16.93350649,0,42
6199_e_101,16.96715379,0,32
2240_e_063,16.10894442,0,36
6234_e_101,17.21471262,0,34
5249_e_097,16.42474556,0,36
3272_e_077,16.60702705,0,31
5943_e_101,15.07542014,0,28
4966_e_097,15.32335806,0,37
4949_e_097,15.27204299,0,32
4673_e_093,119.5500033,1,42
5738_e_099,23.34602046,1,39
5909_e_101,84.45228791,1,37
1661_e_053,86.10766006,1,35
1665_e_053,88.81251812,1,39
3586_e_081,44.25460434,1,44
371_e_019,61.30054426,1,44
4913_e_093,41.36879611,1,40
5938_e_101,80.29287839,1,39
4985_e_097,61.38845944,1,44
6126_e_101,56.40128255,1,40
3688_e_081,25.06219268,1,44
3418_e_079,67.46080518,1,35
1419_e_049,51.60116696,1,39
3247_e_077,42.00283623,1,42
3429_e_079,45.16222668,1,34
4861_e_093,35.77997112,1,40
3753_e_081,36.46348834,1,46
5807_e_099,28.70634437,1,35
5927_e_101,18.10264444,1,34
5128_e_097,54.02925467,1,36
5965_e_101,35.27642179,1,45
3488_e_079,30.48216534,1,42
4720_e_093,23.5482986,1,33
4676_e_093,32.50103974,1,32
3647_e_081,36.26150036,1,40
3403_e_079,18.55625629,1,53
5895_e_101,26.21182728,1,40
4768_e_093,39.64702296,1,37
5571_e_099,24.78816938,1,41
4987_e_097,33.8624239,1,38
5599_e_099,24.34656358,1,33
5517_e_099,17.49238682,1,34
1979_e_057,26.58411503,1,69
4581_e_093,14.47381711,1,36
1410_e_049,18.6673429,1,35
6229_e_101,10.11426115,1,38
2719_e_069,17.08618855,1,40
2190_e_063,14.28707385,1,50
4597_e_093,12.86956573,1,41
5050_e_097,28.58919263,1,29
2621_e_069,9.684448481,1,48
4892_e_093,7.111581326,1,40
1611_e_053,15.31065965,1,34
3174_e_077,20.74710679,1,37
3251_e_077,10.15493774,1,38
5401_e_099,18.13130808,1,30
5450_e_099,6.318336487,1,47
3000_e_073,16.83098865,1,27
3784_e_081,5.834996939,1,39
4995_e_097,8.293485403,1,42
3757_e_081,10.11164689,1,46
6015_e_101,18.93532228,1,32
4806_e_093,21.10762978,1,32
3758_e_081,23.22306466,1,28
3161_e_077,17.75029135,1,32
5040_e_097,10.40660882,1,41
4868_e_093,12.45456958,1,37
5992_e_101,10.33878183,1,32
6112_e_101,15.95711184,1,35
1627_e_053,14.25847173,1,30
3232_e_077,7.757661581,1,36
2689_e_069,11.05153203,1,37
3073_e_073,17.86655354,1,28
3449_e_079,9.841400862,1,45
1644_e_053,13.36644578,1,31
5230_e_097,13.5655179,1,35
5746_e_099,15.97573233,1,42
6199_e_101,7.921106577,1,32
2240_e_063,13.99346375,1,36
6234_e_101,11.41996431,1,34
5249_e_097,16.58929205,1,36
3272_e_077,7.872508764,1,31
5943_e_101,17.57783508,1,28
4966_e_097,8.540960073,1,37
4949_e_097,9.912050724,1,32
4673_e_093,107.9468701,2,42
5738_e_099,26.85570478,2,39
5909_e_101,79.13317537,2,37
1661_e_053,71.08578682,2,35
1665_e_053,88.22522545,2,39
3586_e_081,32.39120698,2,44
371_e_019,64.67219424,2,44
4913_e_093,35.63034034,2,40
5938_e_101,82.26523089,2,39
4985_e_097,46.86862421,2,44
6126_e_101,56.76546574,2,40
3688_e_081,24.82040477,2,44
3418_e_079,59.89034104,2,35
1419_e_049,55.45543647,2,39
3247_e_077,21.84036398,2,42
3429_e_079,47.08949304,2,34
4861_e_093,38.06851864,2,40
3753_e_081,38.30862999,2,46
5807_e_099,26.53688192,2,35
5927_e_101,18.25077081,2,34
5128_e_097,59.29442048,2,36
5965_e_101,36.01396275,2,45
3488_e_079,27.37341237,2,42
4720_e_093,22.49766326,2,33
4676_e_093,34.45566511,2,32
3647_e_081,37.54095054,2,40
3403_e_079,19.24762082,2,53
5895_e_101,22.99735785,2,40
4768_e_093,41.26580405,2,37
5571_e_099,26.18910384,2,41
4987_e_097,33.90252161,2,38
5599_e_099,26.28449965,2,33
5517_e_099,18.01153183,2,34
1979_e_057,27.90017653,2,69
4581_e_093,16.3888979,2,36
1410_e_049,23.00910211,2,35
6229_e_101,11.49081826,2,38
2719_e_069,20.50082445,2,40
2190_e_063,16.14101028,2,50
4597_e_093,14.6517272,2,41
5050_e_097,30.81301975,2,29
2621_e_069,9.103343487,2,48
4892_e_093,7.236615896,2,40
1611_e_053,15.53458428,2,34
3174_e_077,22.58420229,2,37
3251_e_077,9.600149393,2,38
5401_e_099,20.38188457,2,30
5450_e_099,7.451356173,2,47
3000_e_073,13.10568905,2,27
3784_e_081,6.953675747,2,39
4995_e_097,9.816031933,2,42
3757_e_081,11.32577181,2,46
6015_e_101,20.84799743,2,32
4806_e_093,23.73200083,2,32
3758_e_081,24.57655263,2,28
3161_e_077,19.86964273,2,32
5040_e_097,12.11437702,2,41
4868_e_093,13.77100396,2,37
5992_e_101,11.19750571,2,32
6112_e_101,16.86521935,2,35
1627_e_053,16.44637084,2,30
3232_e_077,8.419992685,2,36
2689_e_069,12.65783477,2,37
3073_e_073,20.69335103,2,28
3449_e_079,11.13050842,2,45
1644_e_053,15.23678112,2,31
5230_e_097,14.98044682,2,35
5746_e_099,17.60481048,2,42
6199_e_101,7.452201128,2,32
2240_e_063,14.21507001,2,36
6234_e_101,11.90646219,2,34
5249_e_097,19.61325669,2,36
3272_e_077,9.147785425,2,31
5943_e_101,19.82248378,2,28
4966_e_097,8.552460909,2,37
4949_e_097,11.15657711,2,32
4673_e_093,82.45662212,5,42
5738_e_099,28.70043182,5,39
5909_e_101,86.8361969,5,37
1661_e_053,79.56948709,5,35
1665_e_053,56.64335442,5,39
3586_e_081,32.85228896,5,44
371_e_019,64.63954282,5,44
4913_e_093,38.35931373,5,40
5938_e_101,87.75986576,5,39
4985_e_097,51.77945423,5,44
6126_e_101,51.91324306,5,40
3688_e_081,30.25676537,5,44
3418_e_079,73.53696609,5,35
1419_e_049,37.88177514,5,39
3247_e_077,18.15399218,5,42
3429_e_079,50.51766992,5,34
4861_e_093,48.26835513,5,40
3753_e_081,47.53122473,5,46
5807_e_099,31.15339923,5,35
5927_e_101,25.19874358,5,34
5128_e_097,63.43645406,5,36
5965_e_101,48.14095616,5,45
3488_e_079,36.65244985,5,42
4720_e_093,27.25196648,5,33
4676_e_093,42.98990631,5,32
3647_e_081,50.05285645,5,40
3403_e_079,23.86789823,5,53
5895_e_101,28.79098678,5,40
4768_e_093,50.95095825,5,37
5571_e_099,38.06645298,5,41
4987_e_097,38.52839351,5,38
5599_e_099,34.08161187,5,33
5517_e_099,24.09368086,5,34
1979_e_057,34.50934553,5,69
4581_e_093,19.3055892,5,36
1410_e_049,23.25765061,5,35
6229_e_101,15.47778702,5,38
2719_e_069,22.18715096,5,40
2190_e_063,20.53153324,5,50
4597_e_093,20.0121994,5,41
5050_e_097,35.71640611,5,29
2621_e_069,12.61573315,5,48
4892_e_093,10.93763566,5,40
1611_e_053,19.6943357,5,34
3174_e_077,31.1752162,5,37
3251_e_077,13.60991502,5,38
5401_e_099,28.10981083,5,30
5450_e_099,11.48994637,5,47
3000_e_073,18.7916615,5,27
3784_e_081,10.87418985,5,39
4995_e_097,14.93576217,5,42
3757_e_081,15.10270905,5,46
6015_e_101,21.56668043,5,32
4806_e_093,31.6773777,5,32
3758_e_081,29.06228495,5,28
3161_e_077,24.39178395,5,32
5040_e_097,17.78142834,5,41
4868_e_093,19.04430461,5,37
5992_e_101,16.32141185,5,32
6112_e_101,19.45137811,5,35
1627_e_053,21.09932399,5,30
3232_e_077,12.62368345,5,36
2689_e_069,15.52601004,5,37
3073_e_073,26.72842026,5,28
3449_e_079,12.07185364,5,45
1644_e_053,21.56870437,5,31
5230_e_097,20.29826736,5,35
5746_e_099,20.49160504,5,42
6199_e_101,12.66400313,5,32
2240_e_063,20.74786544,5,36
6234_e_101,16.59722877,5,34
5249_e_097,25.17287874,5,36
3272_e_077,14.55206299,5,31
5943_e_101,27.8474741,5,28
4966_e_097,12.83776808,5,37
4949_e_097,15.68224907,5,32
4673_e_093,97.47150469,10,42
5738_e_099,35.01722455,10,39
5909_e_101,86.26568675,10,37
1661_e_053,91.245085,10,35
1665_e_053,86.70150995,10,39
3586_e_081,40.14037752,10,44
371_e_019,76.87703156,10,44
4913_e_093,48.01830482,10,40
5938_e_101,95.52965236,10,39
4985_e_097,58.29996371,10,44
6126_e_101,50.89219594,10,40
3688_e_081,43.63291907,10,44
3418_e_079,80.84331751,10,35
1419_e_049,45.15738773,10,39
3247_e_077,25.7469852,10,42
3429_e_079,62.62119985,10,34
4861_e_093,52.95158482,10,40
3753_e_081,58.73616195,10,46
5807_e_099,37.80381417,10,35
5927_e_101,36.82238889,10,34
5128_e_097,71.98977947,10,36
5965_e_101,59.72511387,10,45
3488_e_079,50.08442998,10,42
4720_e_093,34.31587052,10,33
4676_e_093,55.04676867,10,32
3647_e_081,57.40377259,10,40
3403_e_079,28.89975691,10,53
5895_e_101,35.83115745,10,40
4768_e_093,56.60569692,10,37
5571_e_099,39.37636065,10,41
4987_e_097,47.90012527,10,38
5599_e_099,45.07345676,10,33
5517_e_099,31.19262004,10,34
1979_e_057,42.66687512,10,69
4581_e_093,27.45330215,10,36
1410_e_049,35.41571951,10,35
6229_e_101,22.94112945,10,38
2719_e_069,25.62051034,10,40
2190_e_063,25.2378118,10,50
4597_e_093,27.11565924,10,41
5050_e_097,47.07128263,10,29
2621_e_069,20.25143814,10,48
4892_e_093,16.90666366,10,40
1611_e_053,28.43276834,10,34
3174_e_077,41.0483017,10,37
3251_e_077,19.40425801,10,38
5401_e_099,37.71300292,10,30
5450_e_099,17.45553112,10,47
3000_e_073,30.8401475,10,27
3784_e_081,17.90732956,10,39
4995_e_097,20.07866812,10,42
3757_e_081,22.33913136,10,46
6015_e_101,29.21863651,10,32
4806_e_093,46.85178089,10,32
3758_e_081,39.86581755,10,28
3161_e_077,31.83413148,10,32
5040_e_097,26.6245358,10,41
4868_e_093,27.26838326,10,37
5992_e_101,24.36472964,10,32
6112_e_101,27.33313251,10,35
1627_e_053,29.08984041,10,30
3232_e_077,20.5279696,10,36
2689_e_069,21.22060919,10,37
3073_e_073,40.4777472,10,28
3449_e_079,19.82544899,10,45
1644_e_053,32.82275867,10,31
5230_e_097,29.9549427,10,35
5746_e_099,30.34243226,10,42
6199_e_101,19.48062873,10,32
2240_e_063,26.43391156,10,36
6234_e_101,25.76625347,10,34
5249_e_097,35.80436778,10,36
3272_e_077,22.91542554,10,31
5943_e_101,37.88933063,10,28
4966_e_097,19.17519212,10,37
4949_e_097,23.99729252,10,32